Location,Surface,Play Type,Material,Felt Type,Bounce Height (cm),Bounce Speed (km/h),Impacts,Games Played,Temperature (C),Humidity (%),Bounce Height Degradation,Temp_Material_Interaction
"Frisco, TX",Hard Court,Competitive,Dunlop HD Pro Core,HD Cloth Felt (Dunlop),53.55,74.05,303,10,33.3,39.6,0.17673267326732672,0.0
"Dublin, CA",Hard Court,Recreational,Wilson Premium Rubber,HD Cloth Felt (Dunlop),82.64,53.89,1621,5,22.4,53.8,0.05098087600246761,22.4
"Dublin, CA",Hard Court,Competitive,Wilson Premium Rubber,Duraweave Felt (Penn),54.31,72.07,1655,19,14.5,57.1,0.03281570996978852,14.5
"Dublin, CA",Hard Court,Competitive,Wilson Premium Rubber,HD Cloth Felt (Dunlop),80.59,30.19,326,40,18.4,45.6,0.24720858895705522,18.4
"Frisco, TX",Hard Court,Recreational,Penn Natural Rubber,Duraweave Felt (Penn),74.58,66.68,626,34,11.7,33.0,0.11913738019169329,23.4
"Katy, TX",Hard Court,Recreational,Penn Natural Rubber,High-quality Wool Felt (Wilson),52.01,40.68,1972,13,19.5,36.1,0.02637423935091278,39.0
"Katy, TX",Hard Court,Competitive,Dunlop HD Pro Core,High-quality Wool Felt (Wilson),65.14,44.83,1429,33,17.0,31.8,0.045584324702589225,0.0
"Dublin, CA",Hard Court,Recreational,Wilson Premium Rubber,High-quality Wool Felt (Wilson),64.33,37.24,507,22,26.9,45.5,0.12688362919132148,26.9
"Frisco, TX",Hard Court,Competitive,Wilson Premium Rubber,High-quality Wool Felt (Wilson),53.92,61.57,699,38,28.3,46.2,0.07713876967095852,28.3
"Dublin, CA",Hard Court,Competitive,Wilson Premium Rubber,Duraweave Felt (Penn),79.59,44.11,1143,27,13.5,55.0,0.06963254593175854,13.5
"Katy, TX",Hard Court,Recreational,Wilson Premium Rubber,Duraweave Felt (Penn),63.27,78.46,1675,9,16.5,41.1,0.03777313432835821,16.5
"Dublin, CA",Hard Court,Recreational,Penn Natural Rubber,HD Cloth Felt (Dunlop),93.21,37.05,992,43,26.0,48.5,0.09396169354838708,52.0
"Katy, TX",Hard Court,Recreational,Penn Natural Rubber,Duraweave Felt (Penn),87.89,88.92,1443,21,17.5,48.9,0.06090783090783091,35.0
"Bartlett, IL",Hard Court,Recreational,Penn Natural Rubber,HD Cloth Felt (Dunlop),98.85,47.51,831,21,21.3,50.7,0.11895306859205776,42.6
"Bartlett, IL",Hard Court,Competitive,Dunlop HD Pro Core,HD Cloth Felt (Dunlop),91.26,36.27,443,24,22.6,53.8,0.20600451467268624,0.0
"Katy, TX",Hard Court,Competitive,Dunlop HD Pro Core,Duraweave Felt (Penn),70.02,49.91,987,34,34.8,37.0,0.07094224924012157,0.0
"Bartlett, IL",Hard Court,Recreational,Wilson Premium Rubber,Duraweave Felt (Penn),55.01,47.92,1120,36,19.6,56.6,0.049116071428571426,19.6
"Frisco, TX",Hard Court,Recreational,Wilson Premium Rubber,High-quality Wool Felt (Wilson),88.52,45.69,177,31,30.2,33.6,0.5001129943502824,30.2
"Frisco, TX",Hard Court,Competitive,Penn Natural Rubber,HD Cloth Felt (Dunlop),85.85,20.83,239,41,25.3,38.0,0.35920502092050205,50.6
"Frisco, TX",Hard Court,Recreational,Dunlop HD Pro Core,Duraweave Felt (Penn),96.39,70.5,1681,16,24.9,32.8,0.057340868530636524,0.0
"Katy, TX",Hard Court,Recreational,Penn Natural Rubber,Duraweave Felt (Penn),62.3,79.66,931,46,32.2,31.8,0.06691729323308271,64.4
"Dublin, CA",Hard Court,Recreational,Dunlop HD Pro Core,HD Cloth Felt (Dunlop),68.33,41.68,1228,39,15.9,33.2,0.05564332247557003,0.0
"Frisco, TX",Hard Court,Competitive,Dunlop HD Pro Core,HD Cloth Felt (Dunlop),61.6,60.96,716,35,34.4,54.7,0.08603351955307263,0.0
"Dublin, CA",Hard Court,Recreational,Wilson Premium Rubber,Duraweave Felt (Penn),58.54,87.55,1105,21,24.6,35.7,0.05297737556561086,24.6
"Frisco, TX",Hard Court,Competitive,Dunlop HD Pro Core,Duraweave Felt (Penn),88.94,90.45,1023,19,13.8,51.6,0.08694037145650049,0.0
"Bartlett, IL",Hard Court,Competitive,Dunlop HD Pro Core,Duraweave Felt (Penn),87.64,87.52,762,40,32.6,46.5,0.11501312335958006,0.0
"Frisco, TX",Hard Court,Competitive,Dunlop HD Pro Core,Duraweave Felt (Penn),70.19,82.32,1639,34,23.6,42.1,0.04282489322757779,0.0
"Frisco, TX",Hard Court,Recreational,Wilson Premium Rubber,HD Cloth Felt (Dunlop),78.13,51.15,786,33,15.7,52.3,0.09940203562340966,15.7
"Katy, TX",Hard Court,Competitive,Wilson Premium Rubber,HD Cloth Felt (Dunlop),52.05,79.94,917,12,17.0,31.7,0.05676117775354416,17.0
"Bartlett, IL",Hard Court,Competitive,Dunlop HD Pro Core,High-quality Wool Felt (Wilson),87.11,23.51,1050,15,17.6,57.9,0.08296190476190476,0.0
"Katy, TX",Hard Court,Competitive,Penn Natural Rubber,Duraweave Felt (Penn),97.6,94.44,544,40,13.2,47.1,0.17941176470588235,26.4
"Frisco, TX",Hard Court,Recreational,Penn Natural Rubber,HD Cloth Felt (Dunlop),96.06,27.95,1525,6,13.5,53.1,0.06299016393442623,27.0
"Dublin, CA",Hard Court,Competitive,Wilson Premium Rubber,High-quality Wool Felt (Wilson),91.79,38.98,1710,48,13.8,46.6,0.053678362573099415,13.8
"Bartlett, IL",Hard Court,Competitive,Wilson Premium Rubber,High-quality Wool Felt (Wilson),95.4,87.26,131,43,10.3,56.7,0.7282442748091603,10.3
"Bartlett, IL",Hard Court,Recreational,Wilson Premium Rubber,High-quality Wool Felt (Wilson),91.81,53.73,414,34,10.4,53.5,0.2217632850241546,10.4
"Dublin, CA",Hard Court,Recreational,Wilson Premium Rubber,Duraweave Felt (Penn),91.71,82.94,1556,45,28.7,47.1,0.05893958868894601,28.7
"Frisco, TX",Hard Court,Recreational,Wilson Premium Rubber,High-quality Wool Felt (Wilson),82.54,87.97,250,37,33.2,53.5,0.33016,33.2
"Dublin, CA",Hard Court,Competitive,Dunlop HD Pro Core,Duraweave Felt (Penn),63.78,69.71,928,43,19.8,43.3,0.06872844827586207,0.0
"Katy, TX",Hard Court,Competitive,Penn Natural Rubber,Duraweave Felt (Penn),90.17,22.7,498,31,14.0,36.8,0.18106425702811246,28.0
"Dublin, CA",Hard Court,Recreational,Penn Natural Rubber,High-quality Wool Felt (Wilson),94.88,71.83,1880,25,23.6,49.2,0.050468085106382975,47.2
"Bartlett, IL",Hard Court,Competitive,Dunlop HD Pro Core,High-quality Wool Felt (Wilson),83.71,30.27,875,42,26.5,59.9,0.09566857142857142,0.0
"Frisco, TX",Hard Court,Recreational,Dunlop HD Pro Core,Duraweave Felt (Penn),95.6,30.79,1121,34,19.5,55.8,0.08528099910793933,0.0
"Dublin, CA",Hard Court,Competitive,Dunlop HD Pro Core,HD Cloth Felt (Dunlop),58.58,73.93,468,26,18.7,39.7,0.12517094017094016,0.0
"Dublin, CA",Hard Court,Recreational,Wilson Premium Rubber,High-quality Wool Felt (Wilson),84.82,52.5,148,33,34.3,33.9,0.5731081081081081,34.3
"Katy, TX",Hard Court,Competitive,Penn Natural Rubber,Duraweave Felt (Penn),89.12,31.82,902,31,11.5,32.9,0.09880266075388026,23.0
"Katy, TX",Hard Court,Recreational,Wilson Premium Rubber,Duraweave Felt (Penn),77.85,68.46,1154,32,16.6,38.9,0.06746100519930676,16.6
"Bartlett, IL",Hard Court,Recreational,Penn Natural Rubber,HD Cloth Felt (Dunlop),74.39,80.81,1465,31,10.9,41.6,0.05077815699658703,21.8
"Katy, TX",Hard Court,Recreational,Penn Natural Rubber,Duraweave Felt (Penn),96.34,76.85,264,13,33.9,58.3,0.36492424242424243,67.8
"Bartlett, IL",Hard Court,Recreational,Wilson Premium Rubber,High-quality Wool Felt (Wilson),89.71,27.33,1877,28,33.5,50.6,0.047794352690463504,33.5
"Frisco, TX",Hard Court,Recreational,Wilson Premium Rubber,Duraweave Felt (Penn),52.03,55.27,483,46,25.4,40.2,0.10772256728778468,25.4
"Dublin, CA",Hard Court,Recreational,Wilson Premium Rubber,Duraweave Felt (Penn),96.58,79.42,1225,28,11.8,40.2,0.07884081632653062,11.8
"Bartlett, IL",Hard Court,Recreational,Penn Natural Rubber,HD Cloth Felt (Dunlop),82.33,93.69,946,48,17.1,57.6,0.08702959830866808,34.2
"Dublin, CA",Hard Court,Competitive,Wilson Premium Rubber,High-quality Wool Felt (Wilson),89.34,79.44,1277,36,29.6,31.3,0.0699608457321848,29.6
"Frisco, TX",Hard Court,Recreational,Dunlop HD Pro Core,Duraweave Felt (Penn),67.36,76.37,753,28,20.5,35.7,0.0894555112881806,0.0
"Dublin, CA",Hard Court,Competitive,Dunlop HD Pro Core,High-quality Wool Felt (Wilson),73.29,39.49,935,6,22.0,46.7,0.07838502673796792,0.0
"Bartlett, IL",Hard Court,Recreational,Wilson Premium Rubber,Duraweave Felt (Penn),90.47,30.47,1918,21,14.3,56.3,0.0471689259645464,14.3
"Dublin, CA",Hard Court,Recreational,Penn Natural Rubber,HD Cloth Felt (Dunlop),92.34,28.13,1412,34,28.9,37.6,0.06539660056657225,57.8
"Katy, TX",Hard Court,Competitive,Penn Natural Rubber,Duraweave Felt (Penn),69.09,87.19,1135,17,10.5,48.2,0.06087224669603525,21.0
"Frisco, TX",Hard Court,Recreational,Penn Natural Rubber,HD Cloth Felt (Dunlop),66.82,90.96,812,6,13.0,31.2,0.08229064039408866,26.0
"Dublin, CA",Hard Court,Recreational,Wilson Premium Rubber,HD Cloth Felt (Dunlop),52.94,71.24,1156,41,10.6,51.0,0.04579584775086505,10.6
"Bartlett, IL",Hard Court,Recreational,Wilson Premium Rubber,Duraweave Felt (Penn),73.3,81.32,1064,16,19.6,47.7,0.06889097744360902,19.6
"Bartlett, IL",Hard Court,Recreational,Penn Natural Rubber,Duraweave Felt (Penn),57.09,36.45,577,44,10.9,38.4,0.09894280762564991,21.8
"Frisco, TX",Hard Court,Recreational,Dunlop HD Pro Core,High-quality Wool Felt (Wilson),71.56,76.9,1527,41,31.1,54.2,0.046863130320890636,0.0
"Bartlett, IL",Hard Court,Competitive,Wilson Premium Rubber,Duraweave Felt (Penn),92.94,87.59,243,49,21.5,46.8,0.3824691358024691,21.5
"Bartlett, IL",Hard Court,Recreational,Dunlop HD Pro Core,Duraweave Felt (Penn),76.61,46.92,1167,31,31.6,58.4,0.06564695801199658,0.0
"Katy, TX",Hard Court,Recreational,Dunlop HD Pro Core,HD Cloth Felt (Dunlop),60.02,56.71,262,43,32.1,35.8,0.22908396946564888,0.0
"Katy, TX",Hard Court,Competitive,Wilson Premium Rubber,Duraweave Felt (Penn),54.17,92.68,1659,19,21.2,37.6,0.03265220012055455,21.2
"Frisco, TX",Hard Court,Recreational,Wilson Premium Rubber,High-quality Wool Felt (Wilson),74.69,93.78,1456,27,14.6,38.1,0.05129807692307692,14.6
"Bartlett, IL",Hard Court,Recreational,Dunlop HD Pro Core,Duraweave Felt (Penn),69.29,72.81,1872,48,23.0,45.7,0.037013888888888895,0.0
"Katy, TX",Hard Court,Recreational,Wilson Premium Rubber,HD Cloth Felt (Dunlop),75.26,71.38,425,27,26.0,32.8,0.1770823529411765,26.0
"Frisco, TX",Hard Court,Recreational,Dunlop HD Pro Core,HD Cloth Felt (Dunlop),74.94,78.07,1875,14,25.7,30.9,0.039968,0.0
"Katy, TX",Hard Court,Competitive,Penn Natural Rubber,Duraweave Felt (Penn),65.91,26.01,537,34,12.3,42.5,0.12273743016759776,24.6
"Bartlett, IL",Hard Court,Competitive,Wilson Premium Rubber,HD Cloth Felt (Dunlop),98.28,52.01,1060,46,19.3,39.0,0.09271698113207548,19.3
"Katy, TX",Hard Court,Recreational,Wilson Premium Rubber,HD Cloth Felt (Dunlop),98.86,86.91,981,42,33.3,43.8,0.10077471967380225,33.3
"Bartlett, IL",Hard Court,Recreational,Penn Natural Rubber,Duraweave Felt (Penn),68.58,91.76,1441,9,20.1,32.8,0.04759195003469813,40.2
"Dublin, CA",Hard Court,Competitive,Dunlop HD Pro Core,High-quality Wool Felt (Wilson),58.25,42.96,1966,38,17.2,41.2,0.029628687690742624,0.0
"Bartlett, IL",Hard Court,Recreational,Wilson Premium Rubber,HD Cloth Felt (Dunlop),64.7,91.05,1860,48,32.3,59.3,0.034784946236559144,32.3
"Frisco, TX",Hard Court,Competitive,Penn Natural Rubber,HD Cloth Felt (Dunlop),54.72,70.55,1966,46,29.2,46.2,0.027833163784333672,58.4
"Frisco, TX",Hard Court,Competitive,Wilson Premium Rubber,HD Cloth Felt (Dunlop),56.31,81.68,1285,7,16.2,48.8,0.04382101167315175,16.2
"Katy, TX",Hard Court,Recreational,Dunlop HD Pro Core,High-quality Wool Felt (Wilson),53.77,78.45,899,22,20.6,34.9,0.05981090100111235,0.0
"Bartlett, IL",Hard Court,Competitive,Dunlop HD Pro Core,High-quality Wool Felt (Wilson),64.81,29.5,186,16,27.1,35.2,0.34844086021505377,0.0
"Bartlett, IL",Hard Court,Recreational,Wilson Premium Rubber,HD Cloth Felt (Dunlop),74.67,31.68,1143,40,20.3,51.3,0.06532808398950131,20.3
"Frisco, TX",Hard Court,Recreational,Penn Natural Rubber,HD Cloth Felt (Dunlop),84.01,40.14,1233,16,12.2,51.4,0.06813463098134631,24.4
"Bartlett, IL",Hard Court,Competitive,Penn Natural Rubber,HD Cloth Felt (Dunlop),51.79,96.3,1020,46,33.7,31.2,0.05077450980392157,67.4
"Dublin, CA",Hard Court,Recreational,Penn Natural Rubber,HD Cloth Felt (Dunlop),81.39,47.64,1846,15,19.1,59.3,0.0440899241603467,38.2
"Dublin, CA",Hard Court,Recreational,Dunlop HD Pro Core,Duraweave Felt (Penn),78.61,67.32,1208,30,33.6,50.7,0.06507450331125827,0.0
"Frisco, TX",Hard Court,Competitive,Penn Natural Rubber,Duraweave Felt (Penn),66.92,41.15,1539,9,24.1,55.7,0.043482781026640674,48.2
"Frisco, TX",Hard Court,Competitive,Wilson Premium Rubber,HD Cloth Felt (Dunlop),87.37,61.32,966,33,27.4,59.6,0.09044513457556937,27.4
"Frisco, TX",Hard Court,Competitive,Dunlop HD Pro Core,HD Cloth Felt (Dunlop),61.48,83.4,1286,23,20.4,59.2,0.04780715396578538,0.0
"Dublin, CA",Hard Court,Competitive,Dunlop HD Pro Core,HD Cloth Felt (Dunlop),93.64,50.45,472,5,27.4,30.8,0.19838983050847459,0.0
"Bartlett, IL",Hard Court,Recreational,Penn Natural Rubber,High-quality Wool Felt (Wilson),55.43,92.81,260,30,31.7,58.0,0.21319230769230768,63.4
"Frisco, TX",Hard Court,Competitive,Penn Natural Rubber,High-quality Wool Felt (Wilson),50.14,51.46,1963,18,20.2,52.6,0.02554253693326541,40.4
"Frisco, TX",Hard Court,Recreational,Penn Natural Rubber,High-quality Wool Felt (Wilson),83.2,37.18,1936,32,11.6,48.2,0.04297520661157025,23.2
"Dublin, CA",Hard Court,Recreational,Dunlop HD Pro Core,Duraweave Felt (Penn),56.0,68.5,1795,40,32.0,31.6,0.03119777158774373,0.0
"Katy, TX",Hard Court,Competitive,Wilson Premium Rubber,Duraweave Felt (Penn),80.36,34.45,455,7,32.4,43.1,0.17661538461538462,32.4
"Frisco, TX",Hard Court,Recreational,Penn Natural Rubber,HD Cloth Felt (Dunlop),98.79,44.08,1208,8,18.5,35.9,0.08177980132450331,37.0
"Bartlett, IL",Hard Court,Recreational,Dunlop HD Pro Core,Duraweave Felt (Penn),90.91,52.51,1588,44,18.3,57.9,0.05724811083123425,0.0
"Bartlett, IL",Hard Court,Recreational,Dunlop HD Pro Core,HD Cloth Felt (Dunlop),69.53,22.04,1460,27,31.8,41.1,0.047623287671232875,0.0
"Bartlett, IL",Hard Court,Competitive,Penn Natural Rubber,High-quality Wool Felt (Wilson),93.33,26.44,919,7,11.0,52.3,0.10155603917301415,22.0
"Bartlett, IL",Hard Court,Competitive,Wilson Premium Rubber,High-quality Wool Felt (Wilson),62.79,68.78,149,24,12.8,50.4,0.42140939597315435,12.8
"Dublin, CA",Hard Court,Recreational,Dunlop HD Pro Core,Duraweave Felt (Penn),78.82,64.78,1848,25,26.6,54.2,0.04265151515151515,0.0
"Dublin, CA",Hard Court,Recreational,Dunlop HD Pro Core,Duraweave Felt (Penn),59.03,89.81,1107,19,26.4,46.2,0.053324299909665765,0.0
"Frisco, TX",Hard Court,Recreational,Wilson Premium Rubber,Duraweave Felt (Penn),93.58,82.19,540,26,16.1,41.8,0.17329629629629628,16.1
"Dublin, CA",Hard Court,Competitive,Wilson Premium Rubber,HD Cloth Felt (Dunlop),69.72,47.01,905,22,17.3,31.0,0.07703867403314917,17.3
"Frisco, TX",Hard Court,Competitive,Penn Natural Rubber,High-quality Wool Felt (Wilson),61.03,51.97,1918,49,11.7,58.1,0.031819603753910325,23.4
"Frisco, TX",Hard Court,Recreational,Wilson Premium Rubber,High-quality Wool Felt (Wilson),65.62,68.66,1207,21,26.1,44.9,0.0543661971830986,26.1
"Bartlett, IL",Hard Court,Competitive,Penn Natural Rubber,High-quality Wool Felt (Wilson),65.72,22.76,1151,29,14.9,49.6,0.05709817549956559,29.8
"Dublin, CA",Hard Court,Recreational,Penn Natural Rubber,HD Cloth Felt (Dunlop),60.31,29.56,1795,8,17.1,38.9,0.033598885793871866,34.2
"Dublin, CA",Hard Court,Recreational,Penn Natural Rubber,High-quality Wool Felt (Wilson),70.8,57.17,929,38,14.8,50.7,0.07621097954790096,29.6
"Dublin, CA",Hard Court,Recreational,Dunlop HD Pro Core,Duraweave Felt (Penn),59.19,78.27,1050,20,16.2,32.6,0.05637142857142857,0.0
"Bartlett, IL",Hard Court,Competitive,Wilson Premium Rubber,Duraweave Felt (Penn),52.13,51.48,1331,10,33.3,41.5,0.039166040570999254,33.3
"Bartlett, IL",Hard Court,Recreational,Dunlop HD Pro Core,Duraweave Felt (Penn),64.54,33.74,1115,9,22.0,40.4,0.05788340807174888,0.0
"Katy, TX",Hard Court,Competitive,Dunlop HD Pro Core,HD Cloth Felt (Dunlop),50.18,97.62,137,43,21.5,33.6,0.36627737226277374,0.0
"Bartlett, IL",Hard Court,Recreational,Penn Natural Rubber,Duraweave Felt (Penn),53.76,91.41,1874,28,15.1,44.3,0.028687299893276414,30.2
"Bartlett, IL",Hard Court,Recreational,Dunlop HD Pro Core,Duraweave Felt (Penn),72.56,28.63,1702,12,32.4,49.3,0.04263219741480611,0.0
"Katy, TX",Hard Court,Recreational,Dunlop HD Pro Core,HD Cloth Felt (Dunlop),89.2,76.33,1110,48,28.5,50.3,0.08036036036036036,0.0
"Frisco, TX",Hard Court,Recreational,Dunlop HD Pro Core,Duraweave Felt (Penn),98.66,32.67,197,12,11.9,33.1,0.5008121827411167,0.0
"Frisco, TX",Hard Court,Competitive,Wilson Premium Rubber,Duraweave Felt (Penn),99.83,87.2,1144,15,26.0,31.6,0.08726398601398601,26.0
"Frisco, TX",Hard Court,Recreational,Penn Natural Rubber,Duraweave Felt (Penn),93.67,26.04,1192,48,15.4,48.3,0.07858221476510067,30.8
"Dublin, CA",Hard Court,Competitive,Dunlop HD Pro Core,HD Cloth Felt (Dunlop),98.91,54.34,733,30,10.1,49.1,0.13493860845839017,0.0
"Dublin, CA",Hard Court,Competitive,Penn Natural Rubber,Duraweave Felt (Penn),57.82,67.45,100,6,18.2,50.7,0.5782,36.4
"Bartlett, IL",Hard Court,Recreational,Wilson Premium Rubber,HD Cloth Felt (Dunlop),67.38,46.95,994,18,28.5,30.3,0.06778672032193159,28.5
"Bartlett, IL",Hard Court,Competitive,Penn Natural Rubber,HD Cloth Felt (Dunlop),93.84,43.45,1051,47,29.3,51.2,0.08928639391056137,58.6
"Dublin, CA",Hard Court,Recreational,Penn Natural Rubber,Duraweave Felt (Penn),77.76,55.07,1717,33,22.5,51.3,0.04528829353523588,45.0
"Bartlett, IL",Hard Court,Competitive,Dunlop HD Pro Core,HD Cloth Felt (Dunlop),99.43,90.68,822,40,22.9,59.8,0.12096107055961071,0.0
"Katy, TX",Hard Court,Competitive,Wilson Premium Rubber,High-quality Wool Felt (Wilson),93.99,60.09,913,26,31.8,40.4,0.10294633077765607,31.8
"Dublin, CA",Hard Court,Competitive,Penn Natural Rubber,High-quality Wool Felt (Wilson),95.68,30.34,1306,19,24.2,48.2,0.07326186830015315,48.4
"Katy, TX",Hard Court,Competitive,Penn Natural Rubber,HD Cloth Felt (Dunlop),73.47,21.65,935,33,32.1,38.8,0.07857754010695187,64.2
"Dublin, CA",Hard Court,Recreational,Wilson Premium Rubber,HD Cloth Felt (Dunlop),83.63,75.36,841,14,11.8,50.7,0.09944114149821641,11.8
"Katy, TX",Hard Court,Competitive,Wilson Premium Rubber,Duraweave Felt (Penn),50.12,66.49,706,9,10.9,57.2,0.0709915014164306,10.9
"Katy, TX",Hard Court,Recreational,Dunlop HD Pro Core,HD Cloth Felt (Dunlop),96.56,47.61,1313,40,30.8,34.0,0.07354150799695354,0.0
"Dublin, CA",Hard Court,Recreational,Penn Natural Rubber,Duraweave Felt (Penn),66.34,22.2,659,34,26.4,33.9,0.10066767830045524,52.8
"Dublin, CA",Hard Court,Competitive,Dunlop HD Pro Core,HD Cloth Felt (Dunlop),81.5,86.94,164,23,32.9,57.6,0.4969512195121951,0.0
"Katy, TX",Hard Court,Competitive,Dunlop HD Pro Core,HD Cloth Felt (Dunlop),85.18,70.39,1807,8,12.2,30.2,0.04713890426120642,0.0
"Frisco, TX",Hard Court,Recreational,Dunlop HD Pro Core,High-quality Wool Felt (Wilson),77.36,24.95,705,19,26.6,34.2,0.1097304964539007,0.0
"Frisco, TX",Hard Court,Recreational,Penn Natural Rubber,High-quality Wool Felt (Wilson),72.4,95.04,697,18,32.2,35.6,0.10387374461979915,64.4
"Dublin, CA",Hard Court,Competitive,Dunlop HD Pro Core,HD Cloth Felt (Dunlop),83.54,85.42,919,48,25.3,51.4,0.0909031556039173,0.0
"Frisco, TX",Hard Court,Competitive,Penn Natural Rubber,High-quality Wool Felt (Wilson),51.16,75.42,1361,9,18.4,42.2,0.03759000734753857,36.8
"Bartlett, IL",Hard Court,Recreational,Dunlop HD Pro Core,High-quality Wool Felt (Wilson),85.75,86.08,771,27,16.5,52.4,0.11121919584954604,0.0
"Bartlett, IL",Hard Court,Recreational,Penn Natural Rubber,High-quality Wool Felt (Wilson),74.38,82.79,1574,31,21.1,48.8,0.0472554002541296,42.2
"Frisco, TX",Hard Court,Competitive,Wilson Premium Rubber,High-quality Wool Felt (Wilson),90.68,20.37,1170,18,32.6,45.7,0.07750427350427351,32.6
"Frisco, TX",Hard Court,Competitive,Penn Natural Rubber,High-quality Wool Felt (Wilson),92.85,34.93,1143,5,20.7,31.3,0.08123359580052493,41.4
"Bartlett, IL",Hard Court,Recreational,Wilson Premium Rubber,High-quality Wool Felt (Wilson),70.66,48.15,1216,25,14.3,35.6,0.05810855263157894,14.3
"Dublin, CA",Hard Court,Competitive,Dunlop HD Pro Core,Duraweave Felt (Penn),65.1,46.11,1057,46,12.8,43.3,0.061589403973509926,0.0
"Katy, TX",Hard Court,Recreational,Wilson Premium Rubber,HD Cloth Felt (Dunlop),93.07,27.49,487,5,10.0,56.3,0.1911088295687885,10.0
"Katy, TX",Hard Court,Recreational,Dunlop HD Pro Core,High-quality Wool Felt (Wilson),71.12,35.22,480,22,32.0,40.2,0.14816666666666667,0.0
"Katy, TX",Hard Court,Competitive,Penn Natural Rubber,HD Cloth Felt (Dunlop),67.43,72.39,1506,12,15.2,45.6,0.04477423638778221,30.4
"Dublin, CA",Hard Court,Competitive,Penn Natural Rubber,Duraweave Felt (Penn),67.78,47.6,1698,47,23.9,44.6,0.03991755005889282,47.8
"Frisco, TX",Hard Court,Recreational,Wilson Premium Rubber,Duraweave Felt (Penn),75.67,68.44,1912,42,28.8,38.5,0.039576359832635986,28.8
"Dublin, CA",Hard Court,Recreational,Penn Natural Rubber,Duraweave Felt (Penn),98.89,67.32,1858,48,31.9,36.3,0.05322389666307858,63.8
"Bartlett, IL",Hard Court,Recreational,Wilson Premium Rubber,Duraweave Felt (Penn),51.78,45.19,809,38,20.7,58.7,0.06400494437577256,20.7
"Katy, TX",Hard Court,Competitive,Dunlop HD Pro Core,Duraweave Felt (Penn),51.31,38.87,1783,27,33.2,31.0,0.02877734155916994,0.0
"Bartlett, IL",Hard Court,Competitive,Penn Natural Rubber,Duraweave Felt (Penn),67.61,71.15,606,48,18.1,57.4,0.11156765676567656,36.2
"Frisco, TX",Hard Court,Recreational,Wilson Premium Rubber,High-quality Wool Felt (Wilson),60.23,97.88,1038,30,23.3,41.0,0.058025048169556837,23.3
"Dublin, CA",Hard Court,Competitive,Dunlop HD Pro Core,Duraweave Felt (Penn),85.63,48.74,1831,48,25.5,45.7,0.04676679410158383,0.0
"Frisco, TX",Hard Court,Competitive,Wilson Premium Rubber,Duraweave Felt (Penn),55.45,64.76,832,34,27.4,52.5,0.06664663461538461,27.4
"Dublin, CA",Hard Court,Competitive,Penn Natural Rubber,HD Cloth Felt (Dunlop),92.61,21.64,609,37,17.5,53.3,0.1520689655172414,35.0
"Frisco, TX",Hard Court,Competitive,Dunlop HD Pro Core,Duraweave Felt (Penn),97.71,63.02,1745,10,26.1,45.9,0.055994269340974206,0.0
"Frisco, TX",Hard Court,Competitive,Penn Natural Rubber,Duraweave Felt (Penn),77.07,49.09,972,31,13.1,55.5,0.07929012345679011,26.2
"Frisco, TX",Hard Court,Recreational,Penn Natural Rubber,High-quality Wool Felt (Wilson),85.41,40.49,704,28,13.3,31.1,0.12132102272727273,26.6
"Katy, TX",Hard Court,Competitive,Dunlop HD Pro Core,Duraweave Felt (Penn),93.06,63.37,1808,10,25.9,58.4,0.051471238938053096,0.0
"Frisco, TX",Hard Court,Recreational,Wilson Premium Rubber,High-quality Wool Felt (Wilson),84.93,87.24,363,28,30.5,30.6,0.23396694214876035,30.5
"Frisco, TX",Hard Court,Recreational,Penn Natural Rubber,HD Cloth Felt (Dunlop),59.18,37.08,645,41,27.9,38.9,0.09175193798449613,55.8
"Dublin, CA",Hard Court,Competitive,Dunlop HD Pro Core,High-quality Wool Felt (Wilson),58.92,79.82,1236,34,33.2,45.7,0.04766990291262136,0.0
"Frisco, TX",Hard Court,Recreational,Penn Natural Rubber,Duraweave Felt (Penn),93.87,28.83,137,30,22.1,30.6,0.6851824817518248,44.2
"Dublin, CA",Hard Court,Competitive,Wilson Premium Rubber,HD Cloth Felt (Dunlop),64.4,84.78,424,45,12.1,55.1,0.1518867924528302,12.1
"Katy, TX",Hard Court,Recreational,Penn Natural Rubber,Duraweave Felt (Penn),98.65,24.08,1921,12,32.4,59.4,0.051353461738677775,64.8
"Katy, TX",Hard Court,Recreational,Wilson Premium Rubber,High-quality Wool Felt (Wilson),86.48,30.72,1771,49,17.9,56.5,0.048831168831168836,17.9
"Katy, TX",Hard Court,Competitive,Penn Natural Rubber,High-quality Wool Felt (Wilson),62.01,61.23,1780,18,11.2,45.3,0.034837078651685394,22.4
"Dublin, CA",Hard Court,Recreational,Penn Natural Rubber,High-quality Wool Felt (Wilson),73.95,67.58,693,8,12.4,45.5,0.10670995670995671,24.8
"Frisco, TX",Hard Court,Recreational,Dunlop HD Pro Core,High-quality Wool Felt (Wilson),80.57,77.69,1307,32,14.9,44.2,0.06164498852333588,0.0
"Katy, TX",Hard Court,Recreational,Wilson Premium Rubber,Duraweave Felt (Penn),90.19,32.76,1508,41,11.6,33.2,0.059807692307692305,11.6
"Katy, TX",Hard Court,Recreational,Penn Natural Rubber,HD Cloth Felt (Dunlop),65.77,60.05,1293,11,31.2,39.9,0.050866202629543694,62.4
"Bartlett, IL",Hard Court,Competitive,Penn Natural Rubber,HD Cloth Felt (Dunlop),80.37,91.45,1766,5,14.5,47.4,0.045509626274065684,29.0
"Dublin, CA",Hard Court,Competitive,Penn Natural Rubber,High-quality Wool Felt (Wilson),79.95,26.1,980,36,15.8,55.0,0.08158163265306123,31.6
"Katy, TX",Hard Court,Competitive,Dunlop HD Pro Core,Duraweave Felt (Penn),96.23,82.65,278,11,23.4,32.2,0.3461510791366907,0.0
"Katy, TX",Hard Court,Competitive,Penn Natural Rubber,Duraweave Felt (Penn),78.53,45.05,326,21,17.2,46.9,0.24088957055214724,34.4
"Bartlett, IL",Hard Court,Recreational,Wilson Premium Rubber,HD Cloth Felt (Dunlop),50.67,35.56,937,30,13.8,47.5,0.05407684098185699,13.8
"Dublin, CA",Hard Court,Recreational,Dunlop HD Pro Core,Duraweave Felt (Penn),70.92,74.79,210,19,15.2,52.0,0.33771428571428574,0.0
"Frisco, TX",Hard Court,Competitive,Dunlop HD Pro Core,High-quality Wool Felt (Wilson),91.52,84.81,489,14,33.3,35.8,0.18715746421267893,0.0
"Katy, TX",Hard Court,Recreational,Wilson Premium Rubber,HD Cloth Felt (Dunlop),71.71,22.12,261,40,21.8,32.6,0.2747509578544061,21.8
"Frisco, TX",Hard Court,Recreational,Wilson Premium Rubber,High-quality Wool Felt (Wilson),97.25,63.48,1221,44,33.7,54.5,0.07964782964782965,33.7
"Frisco, TX",Hard Court,Competitive,Wilson Premium Rubber,High-quality Wool Felt (Wilson),58.57,35.95,701,5,10.1,54.1,0.08355206847360913,10.1
"Frisco, TX",Hard Court,Recreational,Penn Natural Rubber,HD Cloth Felt (Dunlop),89.55,57.36,706,37,34.1,35.4,0.1268413597733711,68.2
"Dublin, CA",Hard Court,Competitive,Wilson Premium Rubber,Duraweave Felt (Penn),55.12,76.27,1640,5,22.2,49.2,0.03360975609756097,22.2
"Katy, TX",Hard Court,Competitive,Penn Natural Rubber,High-quality Wool Felt (Wilson),85.26,71.31,1022,35,28.1,58.5,0.08342465753424658,56.2
"Frisco, TX",Hard Court,Competitive,Penn Natural Rubber,HD Cloth Felt (Dunlop),64.58,74.09,1160,34,15.1,41.8,0.05567241379310345,30.2
"Katy, TX",Hard Court,Recreational,Penn Natural Rubber,High-quality Wool Felt (Wilson),71.12,24.31,1723,23,23.8,42.8,0.04127684271619269,47.6
"Dublin, CA",Hard Court,Competitive,Dunlop HD Pro Core,Duraweave Felt (Penn),52.45,34.84,1572,7,30.7,34.9,0.03336513994910942,0.0
"Katy, TX",Hard Court,Competitive,Penn Natural Rubber,HD Cloth Felt (Dunlop),65.68,72.47,530,28,23.4,54.4,0.1239245283018868,46.8
"Dublin, CA",Hard Court,Competitive,Penn Natural Rubber,Duraweave Felt (Penn),95.53,32.44,1817,41,31.7,47.6,0.05257567418822234,63.4
"Dublin, CA",Hard Court,Recreational,Dunlop HD Pro Core,HD Cloth Felt (Dunlop),71.27,56.39,206,11,21.7,45.3,0.34597087378640773,0.0
"Frisco, TX",Hard Court,Recreational,Wilson Premium Rubber,High-quality Wool Felt (Wilson),52.91,54.34,959,25,23.3,30.1,0.05517205422314911,23.3
"Dublin, CA",Hard Court,Competitive,Wilson Premium Rubber,Duraweave Felt (Penn),77.8,33.98,451,22,24.9,55.0,0.17250554323725054,24.9
"Bartlett, IL",Hard Court,Recreational,Dunlop HD Pro Core,Duraweave Felt (Penn),82.05,57.73,482,43,29.3,40.0,0.17022821576763486,0.0
"Dublin, CA",Hard Court,Recreational,Penn Natural Rubber,Duraweave Felt (Penn),56.31,55.77,802,35,22.4,48.0,0.07021197007481297,44.8
"Frisco, TX",Hard Court,Recreational,Penn Natural Rubber,HD Cloth Felt (Dunlop),72.51,29.93,389,11,28.1,35.3,0.18640102827763497,56.2
"Katy, TX",Hard Court,Competitive,Penn Natural Rubber,HD Cloth Felt (Dunlop),55.94,57.08,1974,15,12.9,59.5,0.02833839918946302,25.8
"Dublin, CA",Hard Court,Competitive,Penn Natural Rubber,High-quality Wool Felt (Wilson),77.0,61.96,660,22,22.7,33.0,0.11666666666666667,45.4
"Dublin, CA",Hard Court,Competitive,Dunlop HD Pro Core,Duraweave Felt (Penn),74.48,95.67,1422,31,13.6,51.7,0.05237693389592124,0.0
"Dublin, CA",Hard Court,Competitive,Penn Natural Rubber,HD Cloth Felt (Dunlop),91.61,77.59,725,38,32.7,34.3,0.12635862068965517,65.4
"Bartlett, IL",Hard Court,Competitive,Wilson Premium Rubber,Duraweave Felt (Penn),74.1,47.78,644,11,11.3,52.3,0.11506211180124223,11.3
"Bartlett, IL",Hard Court,Competitive,Dunlop HD Pro Core,Duraweave Felt (Penn),72.65,99.32,1186,36,21.5,31.6,0.06125632377740304,0.0
"Katy, TX",Hard Court,Recreational,Penn Natural Rubber,HD Cloth Felt (Dunlop),79.26,65.1,306,9,11.8,52.9,0.25901960784313727,23.6
"Katy, TX",Hard Court,Recreational,Dunlop HD Pro Core,HD Cloth Felt (Dunlop),71.73,39.19,1383,40,25.2,55.0,0.05186550976138829,0.0
"Dublin, CA",Hard Court,Recreational,Penn Natural Rubber,High-quality Wool Felt (Wilson),72.14,25.88,1429,16,17.7,45.6,0.05048285514345696,35.4
"Frisco, TX",Hard Court,Recreational,Wilson Premium Rubber,HD Cloth Felt (Dunlop),54.71,61.36,1059,13,34.5,48.8,0.05166194523135033,34.5
"Katy, TX",Hard Court,Recreational,Dunlop HD Pro Core,High-quality Wool Felt (Wilson),67.28,70.9,708,5,29.1,49.8,0.09502824858757063,0.0
"Bartlett, IL",Hard Court,Competitive,Penn Natural Rubber,High-quality Wool Felt (Wilson),62.56,60.62,195,17,15.4,45.3,0.3208205128205128,30.8
"Katy, TX",Hard Court,Recreational,Penn Natural Rubber,Duraweave Felt (Penn),75.4,71.38,1709,45,13.1,33.4,0.0441193680514921,26.2
"Katy, TX",Hard Court,Recreational,Wilson Premium Rubber,High-quality Wool Felt (Wilson),70.78,93.38,556,48,28.5,49.4,0.1273021582733813,28.5
"Bartlett, IL",Hard Court,Recreational,Wilson Premium Rubber,Duraweave Felt (Penn),57.51,65.87,1349,31,30.3,54.8,0.042631578947368416,30.3
"Dublin, CA",Hard Court,Competitive,Wilson Premium Rubber,Duraweave Felt (Penn),59.14,56.88,1097,49,22.4,31.6,0.05391066545123063,22.4
"Dublin, CA",Hard Court,Competitive,Penn Natural Rubber,High-quality Wool Felt (Wilson),85.92,89.56,847,40,31.4,46.3,0.10144037780401417,62.8
"Katy, TX",Hard Court,Competitive,Wilson Premium Rubber,HD Cloth Felt (Dunlop),70.12,81.33,1341,5,17.1,47.0,0.052289336316181954,17.1
"Frisco, TX",Hard Court,Recreational,Penn Natural Rubber,High-quality Wool Felt (Wilson),65.18,23.1,1777,10,32.9,56.2,0.036679797411367475,65.8
"Dublin, CA",Hard Court,Recreational,Penn Natural Rubber,HD Cloth Felt (Dunlop),71.16,55.52,111,23,32.1,33.2,0.6410810810810811,64.2
"Bartlett, IL",Hard Court,Recreational,Dunlop HD Pro Core,High-quality Wool Felt (Wilson),76.96,50.07,1088,20,23.3,40.6,0.07073529411764705,0.0
"Bartlett, IL",Hard Court,Competitive,Dunlop HD Pro Core,Duraweave Felt (Penn),62.24,52.74,126,27,32.8,46.6,0.493968253968254,0.0
"Bartlett, IL",Hard Court,Competitive,Wilson Premium Rubber,High-quality Wool Felt (Wilson),68.68,52.97,110,23,14.8,34.1,0.6243636363636365,14.8
"Katy, TX",Hard Court,Recreational,Dunlop HD Pro Core,High-quality Wool Felt (Wilson),80.62,97.68,1825,44,33.1,58.9,0.04417534246575343,0.0
"Frisco, TX",Hard Court,Competitive,Penn Natural Rubber,Duraweave Felt (Penn),78.56,91.85,606,30,22.2,45.0,0.12963696369636965,44.4
"Frisco, TX",Hard Court,Recreational,Wilson Premium Rubber,High-quality Wool Felt (Wilson),92.72,88.95,445,22,19.6,58.5,0.20835955056179775,19.6
"Dublin, CA",Hard Court,Competitive,Wilson Premium Rubber,High-quality Wool Felt (Wilson),67.11,50.06,284,34,24.2,57.1,0.23630281690140845,24.2
"Dublin, CA",Hard Court,Recreational,Penn Natural Rubber,Duraweave Felt (Penn),88.94,49.83,424,37,13.9,38.3,0.20976415094339623,27.8
"Frisco, TX",Hard Court,Competitive,Dunlop HD Pro Core,Duraweave Felt (Penn),54.82,30.0,340,45,30.6,57.8,0.16123529411764706,0.0
"Katy, TX",Hard Court,Recreational,Dunlop HD Pro Core,High-quality Wool Felt (Wilson),71.5,44.8,1056,18,24.6,39.7,0.06770833333333333,0.0
"Frisco, TX",Hard Court,Competitive,Penn Natural Rubber,HD Cloth Felt (Dunlop),77.06,61.78,463,36,35.0,58.0,0.16643628509719222,70.0
"Bartlett, IL",Hard Court,Recreational,Dunlop HD Pro Core,Duraweave Felt (Penn),89.57,60.47,130,26,26.7,35.8,0.689,0.0
"Frisco, TX",Hard Court,Recreational,Wilson Premium Rubber,Duraweave Felt (Penn),79.3,35.73,1144,30,22.6,33.4,0.06931818181818182,22.6
"Frisco, TX",Hard Court,Competitive,Penn Natural Rubber,HD Cloth Felt (Dunlop),92.52,31.14,1625,29,26.6,50.9,0.05693538461538461,53.2
"Bartlett, IL",Hard Court,Competitive,Wilson Premium Rubber,HD Cloth Felt (Dunlop),95.6,58.47,666,11,17.1,59.7,0.14354354354354354,17.1
"Bartlett, IL",Hard Court,Competitive,Penn Natural Rubber,HD Cloth Felt (Dunlop),88.21,58.67,1972,32,27.0,43.0,0.04473123732251521,54.0
"Katy, TX",Hard Court,Recreational,Dunlop HD Pro Core,HD Cloth Felt (Dunlop),74.36,21.07,1374,18,15.7,32.9,0.0541193595342067,0.0
"Bartlett, IL",Hard Court,Recreational,Dunlop HD Pro Core,HD Cloth Felt (Dunlop),51.85,76.07,1603,31,29.5,35.4,0.032345601996257016,0.0
"Bartlett, IL",Hard Court,Recreational,Dunlop HD Pro Core,HD Cloth Felt (Dunlop),99.53,69.96,689,8,26.2,51.5,0.144455732946299,0.0
"Katy, TX",Hard Court,Recreational,Wilson Premium Rubber,HD Cloth Felt (Dunlop),65.07,56.67,575,16,34.5,44.0,0.11316521739130433,34.5
"Dublin, CA",Hard Court,Recreational,Wilson Premium Rubber,Duraweave Felt (Penn),90.49,97.62,1180,30,28.3,57.9,0.0766864406779661,28.3
"Dublin, CA",Hard Court,Recreational,Dunlop HD Pro Core,HD Cloth Felt (Dunlop),98.57,67.19,1190,7,17.5,39.6,0.08283193277310924,0.0
"Bartlett, IL",Hard Court,Recreational,Wilson Premium Rubber,Duraweave Felt (Penn),71.07,82.43,501,23,29.8,45.9,0.1418562874251497,29.8
"Frisco, TX",Hard Court,Recreational,Penn Natural Rubber,HD Cloth Felt (Dunlop),62.2,41.06,755,48,13.7,32.4,0.08238410596026491,27.4
"Katy, TX",Hard Court,Competitive,Wilson Premium Rubber,High-quality Wool Felt (Wilson),60.22,41.78,1058,34,11.6,52.9,0.056918714555765595,11.6
"Dublin, CA",Hard Court,Competitive,Dunlop HD Pro Core,High-quality Wool Felt (Wilson),78.3,57.38,1331,46,23.3,59.8,0.058827948910593536,0.0
"Frisco, TX",Hard Court,Competitive,Wilson Premium Rubber,Duraweave Felt (Penn),76.71,24.57,723,25,13.7,52.6,0.10609958506224065,13.7
"Bartlett, IL",Hard Court,Recreational,Dunlop HD Pro Core,High-quality Wool Felt (Wilson),90.61,85.03,1167,27,31.7,40.9,0.07764353041988004,0.0
"Frisco, TX",Hard Court,Recreational,Dunlop HD Pro Core,High-quality Wool Felt (Wilson),54.37,75.93,601,11,10.9,46.9,0.09046589018302828,0.0
"Frisco, TX",Hard Court,Competitive,Penn Natural Rubber,High-quality Wool Felt (Wilson),81.52,52.59,1662,14,18.8,33.6,0.04904933814681107,37.6
"Frisco, TX",Hard Court,Competitive,Dunlop HD Pro Core,HD Cloth Felt (Dunlop),59.55,81.84,1804,28,19.5,41.8,0.03300997782705099,0.0
"Frisco, TX",Hard Court,Competitive,Penn Natural Rubber,High-quality Wool Felt (Wilson),82.27,36.45,1701,46,21.7,36.2,0.04836566725455614,43.4
"Bartlett, IL",Hard Court,Competitive,Wilson Premium Rubber,HD Cloth Felt (Dunlop),50.67,50.94,420,47,17.2,36.0,0.12064285714285715,17.2
"Katy, TX",Hard Court,Recreational,Dunlop HD Pro Core,High-quality Wool Felt (Wilson),76.84,35.2,175,44,18.1,53.9,0.4390857142857143,0.0
"Frisco, TX",Hard Court,Recreational,Wilson Premium Rubber,Duraweave Felt (Penn),70.76,96.85,1940,36,27.7,39.8,0.03647422680412371,27.7
"Bartlett, IL",Hard Court,Competitive,Wilson Premium Rubber,Duraweave Felt (Penn),70.27,84.49,1286,14,19.5,44.7,0.054642301710730944,19.5
"Frisco, TX",Hard Court,Recreational,Wilson Premium Rubber,HD Cloth Felt (Dunlop),96.89,22.9,1793,41,30.6,35.9,0.05403792526491913,30.6
"Dublin, CA",Hard Court,Recreational,Wilson Premium Rubber,HD Cloth Felt (Dunlop),74.22,63.66,961,25,18.8,48.7,0.07723204994797087,18.8
"Dublin, CA",Hard Court,Recreational,Wilson Premium Rubber,High-quality Wool Felt (Wilson),96.26,77.78,1419,39,27.1,39.4,0.06783650458069063,27.1
"Katy, TX",Hard Court,Competitive,Dunlop HD Pro Core,HD Cloth Felt (Dunlop),72.97,30.89,614,8,20.3,38.7,0.11884364820846906,0.0
"Bartlett, IL",Hard Court,Recreational,Wilson Premium Rubber,HD Cloth Felt (Dunlop),99.37,40.98,224,20,33.9,44.8,0.44361607142857146,33.9
"Bartlett, IL",Hard Court,Recreational,Wilson Premium Rubber,High-quality Wool Felt (Wilson),87.75,95.47,1848,5,15.5,47.9,0.04748376623376623,15.5
"Bartlett, IL",Hard Court,Competitive,Penn Natural Rubber,High-quality Wool Felt (Wilson),73.7,25.97,1017,28,33.2,45.8,0.07246804326450344,66.4
"Bartlett, IL",Hard Court,Recreational,Dunlop HD Pro Core,HD Cloth Felt (Dunlop),63.79,95.43,1186,7,21.9,57.3,0.0537858347386172,0.0
"Bartlett, IL",Hard Court,Competitive,Penn Natural Rubber,Duraweave Felt (Penn),85.4,56.46,396,28,24.9,34.9,0.21565656565656566,49.8
"Katy, TX",Hard Court,Competitive,Dunlop HD Pro Core,High-quality Wool Felt (Wilson),70.58,72.88,1265,37,11.6,57.6,0.05579446640316205,0.0
"Frisco, TX",Hard Court,Recreational,Wilson Premium Rubber,High-quality Wool Felt (Wilson),89.76,73.57,412,47,18.2,30.6,0.21786407766990293,18.2
"Dublin, CA",Hard Court,Recreational,Dunlop HD Pro Core,High-quality Wool Felt (Wilson),54.86,55.21,1042,38,17.9,45.2,0.052648752399232245,0.0
"Bartlett, IL",Hard Court,Recreational,Wilson Premium Rubber,HD Cloth Felt (Dunlop),56.57,57.6,1935,42,24.1,39.4,0.02923514211886305,24.1
"Katy, TX",Hard Court,Recreational,Penn Natural Rubber,Duraweave Felt (Penn),82.28,61.51,1432,39,33.2,52.7,0.05745810055865922,66.4
"Katy, TX",Hard Court,Competitive,Dunlop HD Pro Core,High-quality Wool Felt (Wilson),52.36,25.42,351,24,22.9,37.8,0.14917378917378918,0.0
"Katy, TX",Hard Court,Recreational,Dunlop HD Pro Core,HD Cloth Felt (Dunlop),96.63,44.65,1718,42,21.2,37.5,0.05624563445867287,0.0
"Bartlett, IL",Hard Court,Competitive,Penn Natural Rubber,Duraweave Felt (Penn),61.63,90.52,1996,45,23.4,45.8,0.030876753507014028,46.8
"Dublin, CA",Hard Court,Recreational,Dunlop HD Pro Core,High-quality Wool Felt (Wilson),64.53,20.54,225,24,22.7,30.3,0.2868,0.0
"Frisco, TX",Hard Court,Recreational,Wilson Premium Rubber,Duraweave Felt (Penn),83.43,53.72,969,43,20.3,41.2,0.08609907120743035,20.3
"Frisco, TX",Hard Court,Recreational,Penn Natural Rubber,HD Cloth Felt (Dunlop),93.91,66.97,1796,22,17.8,50.2,0.05228841870824053,35.6
"Katy, TX",Hard Court,Competitive,Dunlop HD Pro Core,Duraweave Felt (Penn),60.39,99.42,1811,9,27.4,35.1,0.03334621755935947,0.0
"Dublin, CA",Hard Court,Competitive,Dunlop HD Pro Core,Duraweave Felt (Penn),60.25,32.12,963,36,34.1,49.2,0.06256490134994808,0.0
"Dublin, CA",Hard Court,Competitive,Dunlop HD Pro Core,Duraweave Felt (Penn),51.93,98.8,1479,47,10.7,40.4,0.03511156186612576,0.0
"Dublin, CA",Hard Court,Recreational,Wilson Premium Rubber,High-quality Wool Felt (Wilson),99.76,26.54,1508,34,20.9,50.9,0.06615384615384616,20.9
"Dublin, CA",Hard Court,Recreational,Wilson Premium Rubber,Duraweave Felt (Penn),93.24,41.69,210,34,22.5,56.6,0.44399999999999995,22.5
"Frisco, TX",Hard Court,Competitive,Wilson Premium Rubber,Duraweave Felt (Penn),74.94,80.97,563,36,10.5,31.8,0.13310834813499112,10.5
"Frisco, TX",Hard Court,Recreational,Dunlop HD Pro Core,Duraweave Felt (Penn),66.39,22.97,118,7,24.3,30.7,0.5626271186440678,0.0
"Bartlett, IL",Hard Court,Recreational,Dunlop HD Pro Core,HD Cloth Felt (Dunlop),69.46,85.79,1862,14,33.5,48.1,0.03730397422126745,0.0
"Katy, TX",Hard Court,Recreational,Dunlop HD Pro Core,Duraweave Felt (Penn),72.1,20.87,564,39,13.7,38.8,0.1278368794326241,0.0
"Dublin, CA",Hard Court,Competitive,Penn Natural Rubber,High-quality Wool Felt (Wilson),88.68,21.14,1827,6,18.1,46.8,0.04853858784893268,36.2
"Frisco, TX",Hard Court,Competitive,Dunlop HD Pro Core,Duraweave Felt (Penn),86.47,25.12,619,5,15.4,41.2,0.1396930533117932,0.0
"Katy, TX",Hard Court,Recreational,Penn Natural Rubber,High-quality Wool Felt (Wilson),91.32,33.05,1360,10,18.9,43.2,0.0671470588235294,37.8
"Bartlett, IL",Hard Court,Competitive,Penn Natural Rubber,HD Cloth Felt (Dunlop),55.9,90.93,589,12,28.5,53.6,0.09490662139219015,57.0
"Dublin, CA",Hard Court,Competitive,Penn Natural Rubber,Duraweave Felt (Penn),63.61,38.51,134,27,14.6,37.9,0.4747014925373134,29.2
"Frisco, TX",Hard Court,Recreational,Dunlop HD Pro Core,Duraweave Felt (Penn),84.78,66.03,1985,22,16.2,35.3,0.0427103274559194,0.0
"Katy, TX",Hard Court,Recreational,Penn Natural Rubber,Duraweave Felt (Penn),98.91,61.96,994,5,32.5,57.5,0.09950704225352112,65.0
"Frisco, TX",Hard Court,Competitive,Wilson Premium Rubber,High-quality Wool Felt (Wilson),78.3,77.56,1858,12,23.3,32.2,0.04214208826695371,23.3
"Dublin, CA",Hard Court,Competitive,Wilson Premium Rubber,HD Cloth Felt (Dunlop),76.83,93.08,888,9,32.7,48.1,0.08652027027027027,32.7
"Dublin, CA",Hard Court,Competitive,Dunlop HD Pro Core,High-quality Wool Felt (Wilson),89.82,83.3,1988,25,18.1,55.7,0.045181086519114684,0.0
"Katy, TX",Hard Court,Competitive,Dunlop HD Pro Core,HD Cloth Felt (Dunlop),57.21,80.71,1277,19,16.6,33.1,0.04480031323414252,0.0
"Katy, TX",Hard Court,Recreational,Wilson Premium Rubber,High-quality Wool Felt (Wilson),53.22,44.48,402,24,26.8,51.5,0.13238805970149253,26.8
"Katy, TX",Hard Court,Competitive,Dunlop HD Pro Core,High-quality Wool Felt (Wilson),93.55,20.12,235,7,19.3,58.0,0.3980851063829787,0.0
"Bartlett, IL",Hard Court,Competitive,Penn Natural Rubber,HD Cloth Felt (Dunlop),74.94,81.1,431,19,21.1,47.3,0.17387470997679813,42.2
"Katy, TX",Hard Court,Competitive,Wilson Premium Rubber,HD Cloth Felt (Dunlop),79.13,77.56,1202,9,26.5,44.7,0.06583194675540766,26.5
"Frisco, TX",Hard Court,Competitive,Wilson Premium Rubber,High-quality Wool Felt (Wilson),67.52,41.42,1627,43,30.9,39.2,0.041499692685925016,30.9
"Bartlett, IL",Hard Court,Recreational,Wilson Premium Rubber,Duraweave Felt (Penn),89.12,73.16,345,28,15.3,49.4,0.25831884057971016,15.3
"Dublin, CA",Hard Court,Competitive,Penn Natural Rubber,Duraweave Felt (Penn),55.94,81.79,1751,12,17.2,57.5,0.03194745859508852,34.4
"Dublin, CA",Hard Court,Competitive,Dunlop HD Pro Core,High-quality Wool Felt (Wilson),63.74,64.62,1846,29,27.8,43.9,0.03452871072589383,0.0
"Frisco, TX",Hard Court,Competitive,Dunlop HD Pro Core,HD Cloth Felt (Dunlop),93.31,48.37,1468,48,10.7,32.2,0.06356267029972752,0.0
"Dublin, CA",Hard Court,Recreational,Wilson Premium Rubber,High-quality Wool Felt (Wilson),79.08,73.94,1531,31,21.6,47.7,0.05165251469627694,21.6
"Frisco, TX",Hard Court,Recreational,Dunlop HD Pro Core,High-quality Wool Felt (Wilson),85.13,57.09,1070,17,17.7,38.7,0.0795607476635514,0.0
"Katy, TX",Hard Court,Recreational,Dunlop HD Pro Core,HD Cloth Felt (Dunlop),91.77,42.37,709,28,12.3,49.6,0.12943582510578278,0.0
"Frisco, TX",Hard Court,Competitive,Wilson Premium Rubber,High-quality Wool Felt (Wilson),82.31,85.17,921,5,24.2,39.1,0.08937024972855592,24.2
"Frisco, TX",Hard Court,Recreational,Wilson Premium Rubber,Duraweave Felt (Penn),60.25,26.55,1506,27,15.4,37.4,0.0400066401062417,15.4
"Bartlett, IL",Hard Court,Competitive,Dunlop HD Pro Core,High-quality Wool Felt (Wilson),63.63,60.7,585,29,22.0,53.2,0.10876923076923077,0.0
"Dublin, CA",Hard Court,Competitive,Penn Natural Rubber,High-quality Wool Felt (Wilson),53.38,44.93,462,19,29.7,37.5,0.11554112554112554,59.4
"Dublin, CA",Hard Court,Competitive,Penn Natural Rubber,Duraweave Felt (Penn),81.39,61.91,1895,19,21.6,43.5,0.04294986807387863,43.2
"Frisco, TX",Hard Court,Recreational,Wilson Premium Rubber,High-quality Wool Felt (Wilson),72.63,37.29,113,25,19.5,39.2,0.6427433628318584,19.5
"Katy, TX",Hard Court,Competitive,Dunlop HD Pro Core,Duraweave Felt (Penn),97.29,91.89,857,31,10.7,30.5,0.11352392065344225,0.0
"Dublin, CA",Hard Court,Competitive,Wilson Premium Rubber,Duraweave Felt (Penn),58.15,70.94,611,29,13.2,56.2,0.09517184942716857,13.2
"Frisco, TX",Hard Court,Recreational,Wilson Premium Rubber,High-quality Wool Felt (Wilson),81.07,59.52,1947,10,17.9,46.3,0.04163841807909604,17.9
"Dublin, CA",Hard Court,Recreational,Dunlop HD Pro Core,High-quality Wool Felt (Wilson),62.47,22.32,1422,12,29.6,46.7,0.04393108298171589,0.0
"Dublin, CA",Hard Court,Recreational,Wilson Premium Rubber,Duraweave Felt (Penn),94.63,98.95,1804,29,16.6,33.8,0.05245565410199556,16.6
"Katy, TX",Hard Court,Recreational,Dunlop HD Pro Core,High-quality Wool Felt (Wilson),58.85,29.68,1022,47,16.7,32.8,0.057583170254403133,0.0
"Dublin, CA",Hard Court,Recreational,Penn Natural Rubber,Duraweave Felt (Penn),68.21,68.43,893,17,19.7,49.8,0.07638297872340424,39.4
"Frisco, TX",Hard Court,Competitive,Dunlop HD Pro Core,HD Cloth Felt (Dunlop),65.63,59.63,358,44,33.7,45.0,0.18332402234636871,0.0
"Frisco, TX",Hard Court,Competitive,Penn Natural Rubber,HD Cloth Felt (Dunlop),98.97,85.35,1125,36,25.9,57.3,0.08797333333333333,51.8
"Katy, TX",Hard Court,Recreational,Wilson Premium Rubber,Duraweave Felt (Penn),65.3,98.19,1377,21,22.4,45.4,0.04742193173565722,22.4
"Frisco, TX",Hard Court,Competitive,Wilson Premium Rubber,Duraweave Felt (Penn),63.62,36.31,1239,39,24.2,59.3,0.051347861178369654,24.2
"Dublin, CA",Hard Court,Competitive,Wilson Premium Rubber,High-quality Wool Felt (Wilson),62.67,33.5,1583,23,28.8,44.2,0.03958938723941883,28.8
"Katy, TX",Hard Court,Recreational,Dunlop HD Pro Core,HD Cloth Felt (Dunlop),82.75,61.76,1917,43,13.7,59.6,0.04316640584246218,0.0
"Katy, TX",Hard Court,Competitive,Dunlop HD Pro Core,Duraweave Felt (Penn),93.1,40.64,1604,48,23.6,40.2,0.05804239401496259,0.0
"Katy, TX",Hard Court,Competitive,Dunlop HD Pro Core,High-quality Wool Felt (Wilson),90.46,54.9,1658,19,30.2,33.4,0.05455971049457177,0.0
"Dublin, CA",Hard Court,Recreational,Wilson Premium Rubber,Duraweave Felt (Penn),94.34,88.93,1252,18,15.5,37.8,0.07535143769968052,15.5
"Dublin, CA",Hard Court,Recreational,Wilson Premium Rubber,Duraweave Felt (Penn),66.67,53.23,1689,8,22.1,45.7,0.03947306098283008,22.1
"Bartlett, IL",Hard Court,Recreational,Wilson Premium Rubber,HD Cloth Felt (Dunlop),83.59,36.96,322,37,34.7,40.6,0.2595962732919255,34.7
"Dublin, CA",Hard Court,Competitive,Dunlop HD Pro Core,HD Cloth Felt (Dunlop),93.36,89.25,1703,29,18.9,49.8,0.05482090428655314,0.0
"Bartlett, IL",Hard Court,Recreational,Dunlop HD Pro Core,Duraweave Felt (Penn),84.54,33.59,238,44,17.0,30.2,0.3552100840336135,0.0
"Bartlett, IL",Hard Court,Recreational,Wilson Premium Rubber,Duraweave Felt (Penn),54.94,98.23,1406,33,20.7,46.6,0.03907539118065434,20.7
"Bartlett, IL",Hard Court,Competitive,Wilson Premium Rubber,High-quality Wool Felt (Wilson),94.92,22.32,1624,21,19.1,33.8,0.058448275862068966,19.1
"Bartlett, IL",Hard Court,Competitive,Wilson Premium Rubber,Duraweave Felt (Penn),52.14,53.56,1507,19,17.6,58.1,0.0345985401459854,17.6
"Katy, TX",Hard Court,Competitive,Wilson Premium Rubber,High-quality Wool Felt (Wilson),74.66,76.78,1030,49,34.4,54.7,0.07248543689320389,34.4
"Bartlett, IL",Hard Court,Recreational,Penn Natural Rubber,Duraweave Felt (Penn),69.69,45.58,1265,34,15.0,34.0,0.055090909090909086,30.0
"Frisco, TX",Hard Court,Competitive,Wilson Premium Rubber,High-quality Wool Felt (Wilson),67.19,37.17,1803,16,11.5,49.3,0.03726566833056018,11.5
"Frisco, TX",Hard Court,Recreational,Penn Natural Rubber,HD Cloth Felt (Dunlop),90.94,54.72,1880,22,18.9,36.4,0.048372340425531915,37.8
"Dublin, CA",Hard Court,Competitive,Wilson Premium Rubber,High-quality Wool Felt (Wilson),76.06,98.59,1210,19,11.9,51.7,0.0628595041322314,11.9
"Dublin, CA",Hard Court,Competitive,Dunlop HD Pro Core,HD Cloth Felt (Dunlop),94.33,23.03,486,37,33.1,53.0,0.1940946502057613,0.0
"Katy, TX",Hard Court,Competitive,Dunlop HD Pro Core,High-quality Wool Felt (Wilson),62.75,56.97,1716,27,29.8,42.5,0.036567599067599064,0.0
"Dublin, CA",Hard Court,Recreational,Wilson Premium Rubber,High-quality Wool Felt (Wilson),64.25,25.61,1665,44,12.3,55.3,0.03858858858858859,12.3
"Bartlett, IL",Hard Court,Recreational,Penn Natural Rubber,Duraweave Felt (Penn),58.75,86.38,1574,34,22.4,50.5,0.03732528589580686,44.8
"Katy, TX",Hard Court,Recreational,Dunlop HD Pro Core,HD Cloth Felt (Dunlop),58.07,47.18,1403,45,18.5,58.1,0.04138987883107627,0.0
"Bartlett, IL",Hard Court,Recreational,Penn Natural Rubber,Duraweave Felt (Penn),66.71,98.5,179,8,14.9,43.9,0.37268156424581,29.8
"Katy, TX",Hard Court,Recreational,Penn Natural Rubber,Duraweave Felt (Penn),76.21,79.58,1570,24,18.6,41.3,0.04854140127388534,37.2
"Frisco, TX",Hard Court,Competitive,Dunlop HD Pro Core,HD Cloth Felt (Dunlop),87.4,85.07,779,28,26.6,47.3,0.11219512195121951,0.0
"Frisco, TX",Hard Court,Competitive,Dunlop HD Pro Core,HD Cloth Felt (Dunlop),68.99,42.71,1201,41,34.4,32.3,0.05744379683597002,0.0
"Katy, TX",Hard Court,Recreational,Wilson Premium Rubber,High-quality Wool Felt (Wilson),67.39,80.12,1362,39,21.7,31.3,0.04947870778267254,21.7
"Katy, TX",Hard Court,Recreational,Penn Natural Rubber,Duraweave Felt (Penn),58.2,34.91,1127,31,25.1,47.2,0.051641526175687666,50.2
"Bartlett, IL",Hard Court,Competitive,Penn Natural Rubber,Duraweave Felt (Penn),61.74,98.29,314,39,28.5,55.3,0.19662420382165605,57.0
"Bartlett, IL",Hard Court,Recreational,Penn Natural Rubber,HD Cloth Felt (Dunlop),59.47,94.33,397,30,20.4,30.7,0.1497984886649874,40.8
"Bartlett, IL",Hard Court,Competitive,Wilson Premium Rubber,High-quality Wool Felt (Wilson),87.62,96.27,1495,24,15.6,57.6,0.058608695652173914,15.6
"Dublin, CA",Hard Court,Recreational,Dunlop HD Pro Core,High-quality Wool Felt (Wilson),84.83,58.46,170,27,24.9,52.0,0.499,0.0
"Dublin, CA",Hard Court,Recreational,Dunlop HD Pro Core,High-quality Wool Felt (Wilson),95.54,39.81,1030,8,19.3,47.4,0.09275728155339806,0.0
"Bartlett, IL",Hard Court,Recreational,Dunlop HD Pro Core,HD Cloth Felt (Dunlop),68.59,63.27,784,20,21.2,55.6,0.08748724489795918,0.0
"Dublin, CA",Hard Court,Competitive,Penn Natural Rubber,High-quality Wool Felt (Wilson),99.05,92.45,1190,18,33.9,52.8,0.08323529411764706,67.8
"Dublin, CA",Hard Court,Recreational,Penn Natural Rubber,High-quality Wool Felt (Wilson),65.52,87.84,401,25,17.4,39.2,0.16339152119700748,34.8
"Katy, TX",Hard Court,Competitive,Wilson Premium Rubber,High-quality Wool Felt (Wilson),67.59,26.89,1196,42,16.4,59.8,0.05651337792642141,16.4
"Frisco, TX",Hard Court,Recreational,Penn Natural Rubber,High-quality Wool Felt (Wilson),64.89,34.38,1375,12,28.6,36.8,0.047192727272727275,57.2
"Frisco, TX",Hard Court,Recreational,Dunlop HD Pro Core,Duraweave Felt (Penn),77.38,72.07,477,33,12.3,30.2,0.1622222222222222,0.0
"Frisco, TX",Hard Court,Recreational,Wilson Premium Rubber,HD Cloth Felt (Dunlop),99.1,79.15,1426,34,21.2,51.2,0.06949509116409537,21.2
"Frisco, TX",Hard Court,Recreational,Wilson Premium Rubber,Duraweave Felt (Penn),96.88,36.59,423,34,25.9,44.4,0.2290307328605201,25.9
"Frisco, TX",Hard Court,Competitive,Penn Natural Rubber,Duraweave Felt (Penn),61.01,22.28,580,45,22.4,43.4,0.10518965517241378,44.8
"Frisco, TX",Hard Court,Recreational,Dunlop HD Pro Core,HD Cloth Felt (Dunlop),94.92,85.71,469,49,15.4,36.2,0.20238805970149254,0.0
"Frisco, TX",Hard Court,Competitive,Dunlop HD Pro Core,HD Cloth Felt (Dunlop),97.2,33.84,667,46,17.7,45.7,0.14572713643178412,0.0
"Katy, TX",Hard Court,Competitive,Dunlop HD Pro Core,High-quality Wool Felt (Wilson),62.39,90.51,1502,34,15.1,47.1,0.04153794940079893,0.0
"Bartlett, IL",Hard Court,Recreational,Penn Natural Rubber,High-quality Wool Felt (Wilson),76.49,77.65,547,20,33.0,50.1,0.13983546617915904,66.0
"Bartlett, IL",Hard Court,Competitive,Penn Natural Rubber,Duraweave Felt (Penn),67.8,46.2,1925,29,21.0,30.6,0.03522077922077922,42.0
"Katy, TX",Hard Court,Recreational,Penn Natural Rubber,Duraweave Felt (Penn),97.43,72.64,306,21,22.4,57.1,0.3183986928104575,44.8
"Dublin, CA",Hard Court,Competitive,Dunlop HD Pro Core,Duraweave Felt (Penn),54.28,55.11,743,25,10.3,40.9,0.07305518169582773,0.0
"Dublin, CA",Hard Court,Competitive,Penn Natural Rubber,HD Cloth Felt (Dunlop),93.27,79.95,1212,25,25.1,34.4,0.07695544554455445,50.2
"Katy, TX",Hard Court,Competitive,Wilson Premium Rubber,HD Cloth Felt (Dunlop),87.19,76.52,955,29,13.8,51.6,0.09129842931937172,13.8
"Dublin, CA",Hard Court,Competitive,Wilson Premium Rubber,Duraweave Felt (Penn),87.73,62.73,846,17,23.9,51.4,0.10369976359338062,23.9
"Bartlett, IL",Hard Court,Recreational,Penn Natural Rubber,High-quality Wool Felt (Wilson),74.08,84.55,764,42,29.2,57.1,0.09696335078534031,58.4
"Katy, TX",Hard Court,Recreational,Penn Natural Rubber,High-quality Wool Felt (Wilson),52.29,28.47,1222,6,26.6,36.3,0.04279050736497545,53.2
"Bartlett, IL",Hard Court,Recreational,Penn Natural Rubber,HD Cloth Felt (Dunlop),57.61,79.3,271,23,15.9,59.9,0.2125830258302583,31.8
"Bartlett, IL",Hard Court,Recreational,Wilson Premium Rubber,HD Cloth Felt (Dunlop),65.42,44.72,1562,22,14.1,51.6,0.04188220230473752,14.1
"Frisco, TX",Hard Court,Competitive,Dunlop HD Pro Core,Duraweave Felt (Penn),52.01,64.59,1999,10,26.9,48.8,0.02601800900450225,0.0
"Dublin, CA",Hard Court,Recreational,Penn Natural Rubber,High-quality Wool Felt (Wilson),95.34,49.46,781,42,13.5,31.0,0.12207426376440461,27.0
"Dublin, CA",Hard Court,Recreational,Dunlop HD Pro Core,Duraweave Felt (Penn),96.97,60.81,1712,24,34.0,39.0,0.056641355140186915,0.0
"Dublin, CA",Hard Court,Recreational,Wilson Premium Rubber,Duraweave Felt (Penn),75.24,41.65,680,35,33.6,58.7,0.1106470588235294,33.6
"Dublin, CA",Hard Court,Recreational,Penn Natural Rubber,Duraweave Felt (Penn),78.72,81.52,185,47,26.1,42.3,0.4255135135135135,52.2
"Frisco, TX",Hard Court,Competitive,Wilson Premium Rubber,HD Cloth Felt (Dunlop),89.19,53.75,1347,26,18.7,46.2,0.06621380846325167,18.7
"Frisco, TX",Hard Court,Recreational,Wilson Premium Rubber,HD Cloth Felt (Dunlop),69.38,74.95,365,25,14.8,47.0,0.19008219178082192,14.8
"Katy, TX",Hard Court,Competitive,Dunlop HD Pro Core,HD Cloth Felt (Dunlop),87.43,48.83,681,19,17.3,39.1,0.1283847283406755,0.0
"Dublin, CA",Hard Court,Recreational,Wilson Premium Rubber,High-quality Wool Felt (Wilson),81.92,39.73,620,36,27.5,45.3,0.13212903225806452,27.5
"Frisco, TX",Hard Court,Competitive,Dunlop HD Pro Core,Duraweave Felt (Penn),68.17,31.47,185,19,19.2,52.9,0.3684864864864865,0.0
"Bartlett, IL",Hard Court,Recreational,Dunlop HD Pro Core,Duraweave Felt (Penn),56.99,84.7,1399,8,24.2,31.9,0.04073624017155111,0.0
"Dublin, CA",Hard Court,Competitive,Dunlop HD Pro Core,HD Cloth Felt (Dunlop),78.46,42.54,1715,48,11.0,50.5,0.04574927113702624,0.0
"Frisco, TX",Hard Court,Competitive,Penn Natural Rubber,HD Cloth Felt (Dunlop),65.74,78.45,990,19,23.2,31.2,0.0664040404040404,46.4
"Frisco, TX",Hard Court,Competitive,Wilson Premium Rubber,Duraweave Felt (Penn),94.32,28.36,993,19,22.6,39.4,0.09498489425981872,22.6
"Katy, TX",Hard Court,Recreational,Penn Natural Rubber,HD Cloth Felt (Dunlop),58.89,45.49,1164,21,25.7,53.5,0.05059278350515464,51.4
"Katy, TX",Hard Court,Competitive,Dunlop HD Pro Core,Duraweave Felt (Penn),69.66,23.99,1861,43,22.1,32.3,0.03743148844707146,0.0
"Bartlett, IL",Hard Court,Recreational,Wilson Premium Rubber,Duraweave Felt (Penn),86.34,20.27,1522,33,30.4,46.0,0.05672798948751643,30.4
"Dublin, CA",Hard Court,Recreational,Wilson Premium Rubber,High-quality Wool Felt (Wilson),86.18,30.11,248,28,20.1,52.4,0.34750000000000003,20.1
"Katy, TX",Hard Court,Competitive,Penn Natural Rubber,Duraweave Felt (Penn),71.41,80.14,139,19,11.9,33.1,0.5137410071942445,23.8
"Frisco, TX",Hard Court,Competitive,Dunlop HD Pro Core,Duraweave Felt (Penn),78.75,71.64,1787,15,14.4,39.8,0.044068270844991604,0.0
"Katy, TX",Hard Court,Recreational,Dunlop HD Pro Core,HD Cloth Felt (Dunlop),76.7,46.73,1776,26,31.1,55.2,0.04318693693693694,0.0
"Katy, TX",Hard Court,Recreational,Penn Natural Rubber,High-quality Wool Felt (Wilson),53.46,62.94,1585,43,12.8,37.9,0.03372870662460568,25.6
"Bartlett, IL",Hard Court,Recreational,Wilson Premium Rubber,Duraweave Felt (Penn),71.76,58.34,1482,13,27.3,39.6,0.04842105263157895,27.3
"Frisco, TX",Hard Court,Recreational,Wilson Premium Rubber,Duraweave Felt (Penn),75.9,83.25,1918,11,16.6,33.5,0.03957247132429614,16.6
"Dublin, CA",Hard Court,Competitive,Penn Natural Rubber,Duraweave Felt (Penn),58.01,73.15,1413,15,16.9,51.4,0.04105449398443029,33.8
"Katy, TX",Hard Court,Recreational,Penn Natural Rubber,Duraweave Felt (Penn),84.0,47.18,999,45,34.8,32.2,0.08408408408408409,69.6
"Katy, TX",Hard Court,Recreational,Wilson Premium Rubber,Duraweave Felt (Penn),83.07,95.57,1244,19,30.2,58.7,0.0667765273311897,30.2
"Frisco, TX",Hard Court,Recreational,Dunlop HD Pro Core,HD Cloth Felt (Dunlop),71.52,88.34,854,7,34.9,46.4,0.08374707259953161,0.0
"Frisco, TX",Hard Court,Recreational,Dunlop HD Pro Core,High-quality Wool Felt (Wilson),69.86,49.1,1395,9,34.0,51.2,0.050078853046594984,0.0
"Dublin, CA",Hard Court,Competitive,Wilson Premium Rubber,High-quality Wool Felt (Wilson),83.1,26.18,1522,35,28.5,35.9,0.05459921156373193,28.5
"Frisco, TX",Hard Court,Recreational,Wilson Premium Rubber,High-quality Wool Felt (Wilson),62.33,54.34,1200,33,32.5,53.5,0.051941666666666664,32.5
"Dublin, CA",Hard Court,Competitive,Dunlop HD Pro Core,High-quality Wool Felt (Wilson),66.44,29.01,575,22,20.4,57.2,0.11554782608695652,0.0
"Katy, TX",Hard Court,Recreational,Dunlop HD Pro Core,HD Cloth Felt (Dunlop),73.33,80.34,973,28,10.7,49.4,0.07536485097636177,0.0
"Katy, TX",Hard Court,Competitive,Penn Natural Rubber,Duraweave Felt (Penn),93.48,40.56,855,32,19.4,42.6,0.10933333333333334,38.8
"Dublin, CA",Hard Court,Recreational,Dunlop HD Pro Core,High-quality Wool Felt (Wilson),80.53,48.94,1861,45,19.5,48.5,0.04327243417517464,0.0
"Katy, TX",Hard Court,Recreational,Dunlop HD Pro Core,High-quality Wool Felt (Wilson),86.64,39.64,1829,42,34.8,57.4,0.047370147621651176,0.0
"Katy, TX",Hard Court,Recreational,Wilson Premium Rubber,High-quality Wool Felt (Wilson),77.78,73.53,1841,45,16.8,55.0,0.042248777838131454,16.8
"Katy, TX",Hard Court,Competitive,Penn Natural Rubber,High-quality Wool Felt (Wilson),59.16,69.86,858,43,11.5,44.2,0.06895104895104895,23.0
"Bartlett, IL",Hard Court,Competitive,Penn Natural Rubber,Duraweave Felt (Penn),91.65,25.74,135,25,12.7,31.9,0.678888888888889,25.4
"Frisco, TX",Hard Court,Recreational,Penn Natural Rubber,HD Cloth Felt (Dunlop),55.72,50.05,1604,8,25.8,47.3,0.034738154613466334,51.6
"Dublin, CA",Hard Court,Recreational,Penn Natural Rubber,HD Cloth Felt (Dunlop),60.84,55.45,368,20,11.3,35.0,0.16532608695652176,22.6
"Katy, TX",Hard Court,Recreational,Dunlop HD Pro Core,High-quality Wool Felt (Wilson),81.37,29.43,730,32,15.4,41.1,0.11146575342465755,0.0
"Katy, TX",Hard Court,Competitive,Wilson Premium Rubber,Duraweave Felt (Penn),84.37,33.78,170,20,13.2,40.8,0.49629411764705883,13.2
"Bartlett, IL",Hard Court,Recreational,Penn Natural Rubber,HD Cloth Felt (Dunlop),85.78,26.88,1082,41,18.3,56.3,0.07927911275415897,36.6
"Dublin, CA",Hard Court,Competitive,Penn Natural Rubber,HD Cloth Felt (Dunlop),76.02,82.52,1634,27,27.4,45.1,0.046523867809057526,54.8
"Dublin, CA",Hard Court,Recreational,Penn Natural Rubber,High-quality Wool Felt (Wilson),79.0,27.21,221,38,11.3,37.7,0.3574660633484163,22.6
"Bartlett, IL",Hard Court,Recreational,Penn Natural Rubber,High-quality Wool Felt (Wilson),80.82,40.75,1098,8,25.8,40.6,0.07360655737704917,51.6
"Frisco, TX",Hard Court,Recreational,Penn Natural Rubber,Duraweave Felt (Penn),50.36,83.11,593,47,33.9,56.1,0.08492411467116358,67.8
"Frisco, TX",Hard Court,Recreational,Dunlop HD Pro Core,Duraweave Felt (Penn),63.15,81.51,1690,16,18.9,55.9,0.03736686390532544,0.0
"Frisco, TX",Hard Court,Competitive,Dunlop HD Pro Core,HD Cloth Felt (Dunlop),87.72,62.9,718,28,21.0,45.9,0.12217270194986073,0.0
"Dublin, CA",Hard Court,Competitive,Penn Natural Rubber,HD Cloth Felt (Dunlop),59.28,29.68,775,23,18.1,54.1,0.07649032258064516,36.2
"Frisco, TX",Hard Court,Recreational,Dunlop HD Pro Core,High-quality Wool Felt (Wilson),53.09,82.14,933,9,30.1,31.9,0.05690246516613076,0.0
"Katy, TX",Hard Court,Competitive,Penn Natural Rubber,Duraweave Felt (Penn),80.2,74.49,903,20,14.4,43.7,0.08881506090808416,28.8
"Frisco, TX",Hard Court,Recreational,Wilson Premium Rubber,HD Cloth Felt (Dunlop),76.15,82.79,277,5,13.0,58.1,0.2749097472924188,13.0
"Frisco, TX",Hard Court,Recreational,Dunlop HD Pro Core,HD Cloth Felt (Dunlop),80.98,92.11,445,13,31.1,36.3,0.18197752808988765,0.0
"Bartlett, IL",Hard Court,Competitive,Dunlop HD Pro Core,HD Cloth Felt (Dunlop),59.66,79.83,636,34,21.6,50.4,0.09380503144654087,0.0
"Katy, TX",Hard Court,Competitive,Penn Natural Rubber,Duraweave Felt (Penn),96.18,91.87,746,18,14.1,49.6,0.1289276139410188,28.2
"Dublin, CA",Hard Court,Recreational,Wilson Premium Rubber,Duraweave Felt (Penn),53.34,38.42,344,12,15.7,38.5,0.15505813953488373,15.7
"Dublin, CA",Hard Court,Competitive,Wilson Premium Rubber,High-quality Wool Felt (Wilson),87.42,29.36,1351,22,31.8,58.4,0.06470762398223538,31.8
"Katy, TX",Hard Court,Competitive,Wilson Premium Rubber,High-quality Wool Felt (Wilson),74.81,35.12,496,39,11.4,50.7,0.1508266129032258,11.4
"Dublin, CA",Hard Court,Competitive,Wilson Premium Rubber,Duraweave Felt (Penn),54.76,78.14,1888,20,22.3,42.6,0.02900423728813559,22.3
"Frisco, TX",Hard Court,Competitive,Penn Natural Rubber,Duraweave Felt (Penn),94.03,78.56,1731,37,26.8,32.7,0.054321201617562105,53.6
"Bartlett, IL",Hard Court,Competitive,Dunlop HD Pro Core,High-quality Wool Felt (Wilson),58.22,60.52,260,41,12.0,42.7,0.22392307692307692,0.0
"Dublin, CA",Hard Court,Competitive,Dunlop HD Pro Core,HD Cloth Felt (Dunlop),97.81,21.78,124,40,23.8,45.1,0.7887903225806452,0.0
"Dublin, CA",Hard Court,Competitive,Dunlop HD Pro Core,HD Cloth Felt (Dunlop),62.28,83.82,943,15,11.6,57.4,0.06604453870625662,0.0
"Bartlett, IL",Hard Court,Recreational,Wilson Premium Rubber,High-quality Wool Felt (Wilson),64.24,94.06,1037,39,20.4,45.1,0.061947926711668266,20.4
"Katy, TX",Hard Court,Recreational,Penn Natural Rubber,Duraweave Felt (Penn),51.89,31.83,716,7,17.2,55.5,0.07247206703910615,34.4
"Dublin, CA",Hard Court,Recreational,Penn Natural Rubber,HD Cloth Felt (Dunlop),52.22,20.42,1808,35,29.6,43.0,0.028882743362831857,59.2
"Dublin, CA",Hard Court,Competitive,Wilson Premium Rubber,HD Cloth Felt (Dunlop),57.22,76.76,829,14,33.6,52.8,0.06902291917973462,33.6
"Dublin, CA",Hard Court,Competitive,Wilson Premium Rubber,HD Cloth Felt (Dunlop),79.99,36.3,1735,20,22.8,35.5,0.046103746397694524,22.8
"Dublin, CA",Hard Court,Recreational,Penn Natural Rubber,HD Cloth Felt (Dunlop),51.38,32.99,1008,24,14.9,47.9,0.050972222222222224,29.8
"Bartlett, IL",Hard Court,Competitive,Dunlop HD Pro Core,Duraweave Felt (Penn),63.7,58.94,1067,21,32.5,50.2,0.05970009372071228,0.0
"Dublin, CA",Hard Court,Recreational,Penn Natural Rubber,HD Cloth Felt (Dunlop),88.54,45.53,407,21,10.9,55.8,0.21754299754299755,21.8
"Frisco, TX",Hard Court,Competitive,Penn Natural Rubber,High-quality Wool Felt (Wilson),91.34,91.47,419,30,17.6,51.9,0.21799522673031027,35.2
"Bartlett, IL",Hard Court,Recreational,Penn Natural Rubber,Duraweave Felt (Penn),92.46,83.16,1175,18,33.5,38.2,0.07868936170212766,67.0
"Frisco, TX",Hard Court,Recreational,Dunlop HD Pro Core,Duraweave Felt (Penn),73.94,23.33,1785,18,20.3,59.4,0.04142296918767507,0.0
"Bartlett, IL",Hard Court,Recreational,Wilson Premium Rubber,Duraweave Felt (Penn),93.36,45.38,940,8,16.2,55.6,0.0993191489361702,16.2
"Katy, TX",Hard Court,Recreational,Dunlop HD Pro Core,High-quality Wool Felt (Wilson),92.23,35.57,563,15,27.1,47.9,0.16381882770870337,0.0
"Dublin, CA",Hard Court,Recreational,Wilson Premium Rubber,Duraweave Felt (Penn),75.19,98.76,129,19,23.5,36.7,0.5828682170542635,23.5
"Bartlett, IL",Hard Court,Recreational,Wilson Premium Rubber,High-quality Wool Felt (Wilson),61.93,73.65,1871,11,18.5,45.0,0.03309994655264564,18.5
"Katy, TX",Hard Court,Recreational,Penn Natural Rubber,High-quality Wool Felt (Wilson),73.83,58.56,1361,35,26.4,48.3,0.054246877296105805,52.8
"Dublin, CA",Hard Court,Recreational,Dunlop HD Pro Core,High-quality Wool Felt (Wilson),62.53,54.16,1623,11,21.7,56.9,0.038527418361059766,0.0
"Katy, TX",Hard Court,Competitive,Dunlop HD Pro Core,Duraweave Felt (Penn),97.35,80.2,646,29,20.1,30.5,0.15069659442724456,0.0
"Frisco, TX",Hard Court,Competitive,Wilson Premium Rubber,High-quality Wool Felt (Wilson),88.79,95.24,1630,28,26.6,46.4,0.05447239263803681,26.6
"Katy, TX",Hard Court,Recreational,Penn Natural Rubber,High-quality Wool Felt (Wilson),54.63,25.55,1427,10,16.5,44.4,0.038283111422564825,33.0
"Katy, TX",Hard Court,Recreational,Dunlop HD Pro Core,High-quality Wool Felt (Wilson),98.82,25.15,1768,21,12.2,52.6,0.055893665158371034,0.0
"Katy, TX",Hard Court,Recreational,Dunlop HD Pro Core,Duraweave Felt (Penn),59.03,48.25,887,31,12.6,34.9,0.06655016910935739,0.0
"Frisco, TX",Hard Court,Recreational,Penn Natural Rubber,Duraweave Felt (Penn),79.05,61.32,656,38,22.1,37.7,0.1205030487804878,44.2
"Bartlett, IL",Hard Court,Recreational,Penn Natural Rubber,Duraweave Felt (Penn),80.21,74.51,1153,30,32.9,41.3,0.06956634865568083,65.8
"Bartlett, IL",Hard Court,Competitive,Wilson Premium Rubber,High-quality Wool Felt (Wilson),96.21,84.06,585,7,18.3,40.3,0.16446153846153846,18.3
"Katy, TX",Hard Court,Recreational,Wilson Premium Rubber,High-quality Wool Felt (Wilson),70.25,43.66,1540,34,26.7,59.4,0.04561688311688312,26.7
"Bartlett, IL",Hard Court,Competitive,Dunlop HD Pro Core,Duraweave Felt (Penn),97.64,37.54,1089,11,29.1,47.3,0.08966023875114784,0.0
"Dublin, CA",Hard Court,Competitive,Wilson Premium Rubber,High-quality Wool Felt (Wilson),98.15,45.24,501,34,29.9,43.6,0.19590818363273454,29.9
"Frisco, TX",Hard Court,Competitive,Dunlop HD Pro Core,HD Cloth Felt (Dunlop),70.61,85.89,539,18,12.0,39.6,0.13100185528756958,0.0
"Bartlett, IL",Hard Court,Competitive,Wilson Premium Rubber,HD Cloth Felt (Dunlop),95.14,72.12,1629,26,10.7,46.6,0.05840392879066912,10.7
"Katy, TX",Hard Court,Recreational,Penn Natural Rubber,HD Cloth Felt (Dunlop),70.01,34.32,819,29,15.9,51.4,0.0854822954822955,31.8
"Dublin, CA",Hard Court,Recreational,Penn Natural Rubber,HD Cloth Felt (Dunlop),79.93,25.12,302,9,31.8,36.1,0.26466887417218543,63.6
"Dublin, CA",Hard Court,Recreational,Wilson Premium Rubber,Duraweave Felt (Penn),85.26,75.92,831,41,11.8,55.3,0.10259927797833936,11.8
"Katy, TX",Hard Court,Competitive,Penn Natural Rubber,HD Cloth Felt (Dunlop),71.83,45.97,160,24,10.2,47.1,0.4489375,20.4
"Dublin, CA",Hard Court,Recreational,Wilson Premium Rubber,HD Cloth Felt (Dunlop),61.12,30.23,206,10,13.4,54.6,0.2966990291262136,13.4
"Katy, TX",Hard Court,Competitive,Dunlop HD Pro Core,HD Cloth Felt (Dunlop),54.86,52.12,1135,5,12.8,46.3,0.048334801762114535,0.0
"Bartlett, IL",Hard Court,Recreational,Dunlop HD Pro Core,Duraweave Felt (Penn),92.18,76.11,553,9,27.2,55.8,0.16669077757685355,0.0
"Dublin, CA",Hard Court,Recreational,Penn Natural Rubber,High-quality Wool Felt (Wilson),96.64,68.21,1048,30,10.6,41.9,0.09221374045801527,21.2
"Bartlett, IL",Hard Court,Competitive,Penn Natural Rubber,HD Cloth Felt (Dunlop),53.78,46.29,306,25,34.7,47.0,0.1757516339869281,69.4
"Bartlett, IL",Hard Court,Competitive,Dunlop HD Pro Core,High-quality Wool Felt (Wilson),86.62,81.16,1438,11,32.4,41.8,0.06023643949930459,0.0
"Bartlett, IL",Hard Court,Competitive,Penn Natural Rubber,High-quality Wool Felt (Wilson),87.74,33.06,365,30,32.6,47.3,0.2403835616438356,65.2
"Katy, TX",Hard Court,Competitive,Penn Natural Rubber,High-quality Wool Felt (Wilson),97.45,49.0,1582,45,14.3,49.9,0.0615992414664981,28.6
"Katy, TX",Hard Court,Competitive,Dunlop HD Pro Core,Duraweave Felt (Penn),89.79,72.15,1535,28,21.9,44.2,0.058495114006514665,0.0
"Katy, TX",Hard Court,Competitive,Wilson Premium Rubber,Duraweave Felt (Penn),88.82,33.79,336,43,10.4,56.8,0.2643452380952381,10.4
"Dublin, CA",Hard Court,Competitive,Penn Natural Rubber,HD Cloth Felt (Dunlop),78.36,33.35,767,25,32.7,44.5,0.10216427640156453,65.4
"Frisco, TX",Hard Court,Recreational,Wilson Premium Rubber,High-quality Wool Felt (Wilson),76.73,94.69,476,36,10.5,44.9,0.16119747899159664,10.5
"Dublin, CA",Hard Court,Recreational,Wilson Premium Rubber,Duraweave Felt (Penn),56.97,70.29,1126,27,25.8,42.2,0.050595026642984015,25.8
"Frisco, TX",Hard Court,Competitive,Wilson Premium Rubber,High-quality Wool Felt (Wilson),98.52,65.84,317,30,31.4,36.5,0.310788643533123,31.4
"Bartlett, IL",Hard Court,Recreational,Dunlop HD Pro Core,HD Cloth Felt (Dunlop),71.67,47.2,697,32,10.5,45.9,0.10282639885222382,0.0
"Katy, TX",Hard Court,Recreational,Wilson Premium Rubber,High-quality Wool Felt (Wilson),83.75,71.11,646,13,28.6,58.2,0.1296439628482972,28.6
"Bartlett, IL",Hard Court,Recreational,Wilson Premium Rubber,High-quality Wool Felt (Wilson),52.28,35.74,1519,31,32.9,53.4,0.03441737985516787,32.9
"Katy, TX",Hard Court,Competitive,Penn Natural Rubber,Duraweave Felt (Penn),97.11,59.61,1613,32,20.4,37.1,0.06020458772473652,40.8
"Bartlett, IL",Hard Court,Recreational,Dunlop HD Pro Core,HD Cloth Felt (Dunlop),64.37,27.32,1765,11,34.3,42.7,0.03647025495750709,0.0
"Frisco, TX",Hard Court,Competitive,Wilson Premium Rubber,Duraweave Felt (Penn),76.43,78.4,293,14,34.5,49.7,0.26085324232081913,34.5
"Dublin, CA",Hard Court,Recreational,Wilson Premium Rubber,Duraweave Felt (Penn),86.67,80.31,1634,40,12.0,57.6,0.05304161566707467,12.0
"Frisco, TX",Hard Court,Recreational,Dunlop HD Pro Core,HD Cloth Felt (Dunlop),70.87,68.05,1978,38,22.4,46.8,0.03582912032355915,0.0
"Frisco, TX",Hard Court,Competitive,Penn Natural Rubber,HD Cloth Felt (Dunlop),74.64,46.49,1043,34,20.0,30.1,0.0715627996164909,40.0
